Year,Stage,Rank,Country,Score,Edition
2015,sf1,1.0,Russia,182.0,2015sf1
2015,sf1,2.0,Belgium,149.0,2015sf1
2015,sf1,3.0,Estonia,105.0,2015sf1
2015,sf1,4.0,Georgia,98.0,2015sf1
2015,sf1,5.0,Romania,89.0,2015sf1
2015,sf1,6.0,Greece,81.0,2015sf1
2015,sf1,7.0,Armenia,77.0,2015sf1
2015,sf1,8.0,Hungary,67.0,2015sf1
2015,sf1,9.0,Serbia,63.0,2015sf1
2015,sf1,10.0,Albania,62.0,2015sf1
2015,sf1,11.0,Moldova,41.0,2015sf1
2015,sf1,12.0,Belarus,39.0,2015sf1
2015,sf1,13.0,Denmark,33.0,2015sf1
2015,sf1,14.0,The Netherlands,33.0,2015sf1
2015,sf1,15.0,North Macedonia,28.0,2015sf1
2015,sf1,16.0,Finland,13.0,2015sf1
2015,sf2,1.0,Sweden,217.0,2015sf2
2015,sf2,2.0,Latvia,155.0,2015sf2
2015,sf2,3.0,Israel,151.0,2015sf2
2015,sf2,4.0,Norway,123.0,2015sf2
2015,sf2,5.0,Slovenia,92.0,2015sf2
2015,sf2,6.0,Cyprus,87.0,2015sf2
2015,sf2,7.0,Lithuania,67.0,2015sf2
2015,sf2,8.0,Poland,57.0,2015sf2
2015,sf2,9.0,Montenegro,57.0,2015sf2
2015,sf2,10.0,Azerbaijan,53.0,2015sf2
2015,sf2,11.0,Malta,43.0,2015sf2
2015,sf2,12.0,Ireland,35.0,2015sf2
2015,sf2,13.0,Czechia,33.0,2015sf2
2015,sf2,14.0,Portugal,19.0,2015sf2
2015,sf2,15.0,Iceland,14.0,2015sf2
2015,sf2,16.0,San Marino,11.0,2015sf2
2015,sf2,17.0,Switzerland,4.0,2015sf2
2015,f,1.0,Sweden,365.0,2015f
2015,f,2.0,Russia,303.0,2015f
2015,f,3.0,Italy,292.0,2015f
2015,f,4.0,Belgium,217.0,2015f
2015,f,5.0,Australia,196.0,2015f
2015,f,6.0,Latvia,186.0,2015f
2015,f,7.0,Estonia,106.0,2015f
2015,f,8.0,Norway,102.0,2015f
2015,f,9.0,Israel,97.0,2015f
2015,f,10.0,Serbia,53.0,2015f
2015,f,11.0,Georgia,51.0,2015f
2015,f,12.0,Azerbaijan,49.0,2015f
2015,f,13.0,Montenegro,44.0,2015f
2015,f,14.0,Slovenia,39.0,2015f
2015,f,15.0,Romania,35.0,2015f
2015,f,16.0,Armenia,34.0,2015f
2015,f,17.0,Albania,34.0,2015f
2015,f,18.0,Lithuania,30.0,2015f
2015,f,19.0,Greece,23.0,2015f
2015,f,20.0,Hungary,19.0,2015f
2015,f,21.0,Spain,15.0,2015f
2015,f,22.0,Cyprus,11.0,2015f
2015,f,23.0,Poland,10.0,2015f
2015,f,24.0,United Kingdom,5.0,2015f
2015,f,25.0,France,4.0,2015f
2015,f,26.0,Austria,0.0,2015f
2015,f,26.0,Germany,0.0,2015f
2016,sf1,1.0,Russia,342.0,2016sf1
2016,sf1,2.0,Armenia,243.0,2016sf1
2016,sf1,3.0,Malta,209.0,2016sf1
2016,sf1,4.0,Hungary,197.0,2016sf1
2016,sf1,5.0,The Netherlands,197.0,2016sf1
2016,sf1,6.0,Azerbaijan,185.0,2016sf1
2016,sf1,7.0,Austria,170.0,2016sf1
2016,sf1,8.0,Cyprus,164.0,2016sf1
2016,sf1,9.0,Czechia,161.0,2016sf1
2016,sf1,10.0,Croatia,133.0,2016sf1
2016,sf1,11.0,Bosnia and Herzegovina,104.0,2016sf1
2016,sf1,12.0,San Marino,68.0,2016sf1
2016,sf1,13.0,Montenegro,60.0,2016sf1
2016,sf1,14.0,Iceland,51.0,2016sf1
2016,sf1,15.0,Finland,51.0,2016sf1
2016,sf1,16.0,Greece,44.0,2016sf1
2016,sf1,17.0,Moldova,33.0,2016sf1
2016,sf1,18.0,Estonia,24.0,2016sf1
2016,sf2,1.0,Australia,330.0,2016sf2
2016,sf2,2.0,Ukraine,287.0,2016sf2
2016,sf2,3.0,Belgium,274.0,2016sf2
2016,sf2,4.0,Lithuania,222.0,2016sf2
2016,sf2,5.0,Bulgaria,220.0,2016sf2
2016,sf2,6.0,Poland,151.0,2016sf2
2016,sf2,7.0,Israel,147.0,2016sf2
2016,sf2,8.0,Latvia,132.0,2016sf2
2016,sf2,9.0,Georgia,123.0,2016sf2
2016,sf2,10.0,Serbia,105.0,2016sf2
2016,sf2,11.0,North Macedonia,88.0,2016sf2
2016,sf2,12.0,Belarus,84.0,2016sf2
2016,sf2,13.0,Norway,63.0,2016sf2
2016,sf2,14.0,Slovenia,57.0,2016sf2
2016,sf2,15.0,Ireland,46.0,2016sf2
2016,sf2,16.0,Albania,45.0,2016sf2
2016,sf2,17.0,Denmark,34.0,2016sf2
2016,sf2,18.0,Switzerland,28.0,2016sf2
2016,f,1.0,Ukraine,534.0,2016f
2016,f,2.0,Australia,511.0,2016f
2016,f,3.0,Russia,491.0,2016f
2016,f,4.0,Bulgaria,307.0,2016f
2016,f,5.0,Sweden,261.0,2016f
2016,f,6.0,France,257.0,2016f
2016,f,7.0,Armenia,249.0,2016f
2016,f,8.0,Poland,229.0,2016f
2016,f,9.0,Lithuania,200.0,2016f
2016,f,10.0,Belgium,181.0,2016f
2016,f,11.0,The Netherlands,153.0,2016f
2016,f,12.0,Malta,153.0,2016f
2016,f,13.0,Austria,151.0,2016f
2016,f,14.0,Israel,135.0,2016f
2016,f,15.0,Latvia,132.0,2016f
2016,f,16.0,Italy,124.0,2016f
2016,f,17.0,Azerbaijan,117.0,2016f
2016,f,18.0,Serbia,115.0,2016f
2016,f,19.0,Hungary,108.0,2016f
2016,f,20.0,Georgia,104.0,2016f
2016,f,21.0,Cyprus,96.0,2016f
2016,f,22.0,Spain,77.0,2016f
2016,f,23.0,Croatia,73.0,2016f
2016,f,24.0,United Kingdom,62.0,2016f
2016,f,25.0,Czechia,41.0,2016f
2016,f,26.0,Germany,11.0,2016f
2017,sf1,1.0,Portugal,370.0,2017sf1
2017,sf1,2.0,Moldova,291.0,2017sf1
2017,sf1,3.0,Sweden,227.0,2017sf1
2017,sf1,4.0,Belgium,165.0,2017sf1
2017,sf1,5.0,Cyprus,164.0,2017sf1
2017,sf1,6.0,Australia,160.0,2017sf1
2017,sf1,7.0,Armenia,152.0,2017sf1
2017,sf1,8.0,Azerbaijan,150.0,2017sf1
2017,sf1,9.0,Poland,119.0,2017sf1
2017,sf1,10.0,Greece,115.0,2017sf1
2017,sf1,11.0,Georgia,99.0,2017sf1
2017,sf1,12.0,Finland,92.0,2017sf1
2017,sf1,13.0,Czechia,83.0,2017sf1
2017,sf1,14.0,Albania,76.0,2017sf1
2017,sf1,15.0,Iceland,60.0,2017sf1
2017,sf1,16.0,Montenegro,56.0,2017sf1
2017,sf1,17.0,Slovenia,36.0,2017sf1
2017,sf1,18.0,Latvia,21.0,2017sf1
2017,sf2,1.0,Bulgaria,403.0,2017sf2
2017,sf2,2.0,Hungary,231.0,2017sf2
2017,sf2,3.0,Israel,207.0,2017sf2
2017,sf2,4.0,The Netherlands,200.0,2017sf2
2017,sf2,5.0,Norway,189.0,2017sf2
2017,sf2,6.0,Romania,174.0,2017sf2
2017,sf2,7.0,Austria,147.0,2017sf2
2017,sf2,8.0,Latvia,132.0,2017sf2
2017,sf2,9.0,Belarus,110.0,2017sf2
2017,sf2,10.0,Denmark,101.0,2017sf2
2017,sf2,11.0,Serbia,98.0,2017sf2
2017,sf2,12.0,Switzerland,97.0,2017sf2
2017,sf2,13.0,North Macedonia,86.0,2017sf2
2017,sf2,14.0,Estonia,85.0,2017sf2
2017,sf2,15.0,Lithuania,69.0,2017sf2
2017,sf2,16.0,Malta,55.0,2017sf2
2017,sf2,17.0,Ireland,42.0,2017sf2
2017,sf2,18.0,San Marino,1.0,2017sf2
2017,f,1.0,Portugal,758.0,2017f
2017,f,2.0,Bulgaria,615.0,2017f
2017,f,3.0,Moldova,374.0,2017f
2017,f,4.0,Belgium,363.0,2017f
2017,f,5.0,Sweden,344.0,2017f
2017,f,6.0,Italy,334.0,2017f
2017,f,7.0,Romania,282.0,2017f
2017,f,8.0,Hungary,200.0,2017f
2017,f,9.0,Australia,173.0,2017f
2017,f,10.0,Norway,158.0,2017f
2017,f,11.0,The Netherlands,150.0,2017f
2017,f,12.0,France,135.0,2017f
2017,f,13.0,Croatia,128.0,2017f
2017,f,14.0,Azerbaijan,120.0,2017f
2017,f,15.0,United Kingdom,111.0,2017f
2017,f,16.0,Austria,93.0,2017f
2017,f,17.0,Armenia,79.0,2017f
2017,f,18.0,Denmark,77.0,2017f
2017,f,19.0,Greece,77.0,2017f
2017,f,20.0,Georgia,68.0,2017f
2017,f,21.0,Cyprus,68.0,2017f
2017,f,22.0,Poland,64.0,2017f
2017,f,23.0,Israel,39.0,2017f
2017,f,24.0,Ukraine,36.0,2017f
2017,f,25.0,Germany,6.0,2017f
2017,f,26.0,Spain,5.0,2017f
2018,sf1,1.0,Israel,283.0,2018sf1
2018,sf1,2.0,Cyprus,262.0,2018sf1
2018,sf1,3.0,Czechia,232.0,2018sf1
2018,sf1,4.0,Austria,231.0,2018sf1
2018,sf1,5.0,Estonia,201.0,2018sf1
2018,sf1,6.0,Ireland,179.0,2018sf1
2018,sf1,7.0,Bulgaria,177.0,2018sf1
2018,sf1,8.0,Albania,162.0,2018sf1
2018,sf1,9.0,Lithuania,119.0,2018sf1
2018,sf1,10.0,Finland,108.0,2018sf1
2018,sf1,11.0,Azerbaijan,94.0,2018sf1
2018,sf1,12.0,Belgium,91.0,2018sf1
2018,sf1,13.0,Switzerland,86.0,2018sf1
2018,sf1,14.0,Greece,81.0,2018sf1
2018,sf1,15.0,Armenia,79.0,2018sf1
2018,sf1,16.0,Belarus,65.0,2018sf1
2018,sf1,17.0,Croatia,63.0,2018sf1
2018,sf1,18.0,North Macedonia,24.0,2018sf1
2018,sf1,19.0,Iceland,15.0,2018sf1
2018,sf2,1.0,Norway,266.0,2018sf2
2018,sf2,2.0,Sweden,254.0,2018sf2
2018,sf2,3.0,Moldova,235.0,2018sf2
2018,sf2,4.0,Australia,212.0,2018sf2
2018,sf2,5.0,Denmark,204.0,2018sf2
2018,sf2,6.0,Ukraine,179.0,2018sf2
2018,sf2,7.0,The Netherlands,174.0,2018sf2
2018,sf2,8.0,Slovenia,132.0,2018sf2
2018,sf2,9.0,Serbia,117.0,2018sf2
2018,sf2,10.0,Hungary,111.0,2018sf2
2018,sf2,11.0,Romania,107.0,2018sf2
2018,sf2,12.0,Latvia,106.0,2018sf2
2018,sf2,13.0,Malta,101.0,2018sf2
2018,sf2,14.0,Poland,81.0,2018sf2
2018,sf2,15.0,Russia,65.0,2018sf2
2018,sf2,16.0,Montenegro,40.0,2018sf2
2018,sf2,17.0,San Marino,28.0,2018sf2
2018,sf2,18.0,Georgia,24.0,2018sf2
2018,f,1.0,Israel,529.0,2018f
2018,f,2.0,Cyprus,436.0,2018f
2018,f,3.0,Austria,342.0,2018f
2018,f,4.0,Germany,340.0,2018f
2018,f,5.0,Italy,308.0,2018f
2018,f,6.0,Czechia,281.0,2018f
2018,f,7.0,Sweden,274.0,2018f
2018,f,8.0,Estonia,245.0,2018f
2018,f,9.0,Denmark,226.0,2018f
2018,f,10.0,Moldova,209.0,2018f
2018,f,11.0,Albania,184.0,2018f
2018,f,12.0,Lithuania,181.0,2018f
2018,f,13.0,France,173.0,2018f
2018,f,14.0,Bulgaria,166.0,2018f
2018,f,15.0,Norway,144.0,2018f
2018,f,16.0,Ireland,136.0,2018f
2018,f,17.0,Ukraine,130.0,2018f
2018,f,18.0,The Netherlands,121.0,2018f
2018,f,19.0,Serbia,113.0,2018f
2018,f,20.0,Australia,99.0,2018f
2018,f,21.0,Hungary,93.0,2018f
2018,f,22.0,Slovenia,64.0,2018f
2018,f,23.0,Spain,61.0,2018f
2018,f,24.0,United Kingdom,48.0,2018f
2018,f,25.0,Finland,46.0,2018f
2018,f,26.0,Portugal,39.0,2018f
2019,sf1,1.0,Australia,261.0,2019sf1
2019,sf1,2.0,Czechia,242.0,2019sf1
2019,sf1,3.0,Iceland,221.0,2019sf1
2019,sf1,4.0,Estonia,198.0,2019sf1
2019,sf1,5.0,Greece,185.0,2019sf1
2019,sf1,6.0,Slovenia,167.0,2019sf1
2019,sf1,7.0,Serbia,156.0,2019sf1
2019,sf1,8.0,San Marino,150.0,2019sf1
2019,sf1,9.0,Cyprus,149.0,2019sf1
2019,sf1,10.0,Belarus,122.0,2019sf1
2019,sf1,11.0,Poland,120.0,2019sf1
2019,sf1,12.0,Hungary,97.0,2019sf1
2019,sf1,13.0,Belgium,70.0,2019sf1
2019,sf1,14.0,Georgia,62.0,2019sf1
2019,sf1,15.0,Portugal,51.0,2019sf1
2019,sf1,16.0,Montenegro,46.0,2019sf1
2019,sf1,17.0,Finland,23.0,2019sf1
2019,sf2,1.0,The Netherlands,280.0,2019sf2
2019,sf2,2.0,North Macedonia,239.0,2019sf2
2019,sf2,3.0,Sweden,238.0,2019sf2
2019,sf2,4.0,Switzerland,232.0,2019sf2
2019,sf2,5.0,Azerbaijan,224.0,2019sf2
2019,sf2,6.0,Russia,217.0,2019sf2
2019,sf2,7.0,Norway,210.0,2019sf2
2019,sf2,8.0,Malta,157.0,2019sf2
2019,sf2,9.0,Albania,96.0,2019sf2
2019,sf2,10.0,Denmark,94.0,2019sf2
2019,sf2,11.0,Lithuania,93.0,2019sf2
2019,sf2,12.0,Moldova,85.0,2019sf2
2019,sf2,13.0,Romania,71.0,2019sf2
2019,sf2,14.0,Croatia,64.0,2019sf2
2019,sf2,15.0,Latvia,50.0,2019sf2
2019,sf2,16.0,Armenia,49.0,2019sf2
2019,sf2,17.0,Austria,21.0,2019sf2
2019,sf2,18.0,Ireland,16.0,2019sf2
2019,f,1.0,The Netherlands,498.0,2019f
2019,f,2.0,Italy,472.0,2019f
2019,f,3.0,Russia,370.0,2019f
2019,f,4.0,Switzerland,364.0,2019f
2019,f,5.0,Sweden,334.0,2019f
2019,f,6.0,Norway,331.0,2019f
2019,f,7.0,North Macedonia,305.0,2019f
2019,f,8.0,Azerbaijan,302.0,2019f
2019,f,9.0,Australia,284.0,2019f
2019,f,10.0,Iceland,232.0,2019f
2019,f,11.0,Czechia,157.0,2019f
2019,f,12.0,Denmark,120.0,2019f
2019,f,13.0,Cyprus,109.0,2019f
2019,f,14.0,Malta,107.0,2019f
2019,f,15.0,Slovenia,105.0,2019f
2019,f,16.0,France,105.0,2019f
2019,f,17.0,Albania,90.0,2019f
2019,f,18.0,Serbia,89.0,2019f
2019,f,19.0,San Marino,77.0,2019f
2019,f,20.0,Estonia,76.0,2019f
2019,f,21.0,Greece,74.0,2019f
2019,f,22.0,Spain,54.0,2019f
2019,f,23.0,Israel,35.0,2019f
2019,f,24.0,Belarus,31.0,2019f
2019,f,25.0,Germany,24.0,2019f
2019,f,26.0,United Kingdom,11.0,2019f
2021,sf1,1.0,Malta,325.0,2021sf1
2021,sf1,2.0,Ukraine,267.0,2021sf1
2021,sf1,3.0,Russia,225.0,2021sf1
2021,sf1,4.0,Lithuania,203.0,2021sf1
2021,sf1,5.0,Israel,192.0,2021sf1
2021,sf1,6.0,Cyprus,170.0,2021sf1
2021,sf1,7.0,Sweden,142.0,2021sf1
2021,sf1,8.0,Azerbaijan,138.0,2021sf1
2021,sf1,9.0,Belgium,117.0,2021sf1
2021,sf1,10.0,Norway,115.0,2021sf1
2021,sf1,11.0,Croatia,110.0,2021sf1
2021,sf1,12.0,Romania,85.0,2021sf1
2021,sf1,13.0,Slovenia,44.0,2021sf1
2021,sf1,14.0,Australia,28.0,2021sf1
2021,sf1,15.0,North Macedonia,23.0,2021sf1
2021,sf1,16.0,Ireland,20.0,2021sf1
2021,sf2,1.0,Switzerland,291.0,2021sf2
2021,sf2,2.0,Iceland,288.0,2021sf2
2021,sf2,3.0,Bulgaria,250.0,2021sf2
2021,sf2,4.0,Portugal,239.0,2021sf2
2021,sf2,5.0,Finland,234.0,2021sf2
2021,sf2,6.0,Greece,184.0,2021sf2
2021,sf2,7.0,Moldova,179.0,2021sf2
2021,sf2,8.0,San Marino,118.0,2021sf2
2021,sf2,9.0,Serbia,124.0,2021sf2
2021,sf2,10.0,Albania,112.0,2021sf2
2021,sf2,11.0,Denmark,89.0,2021sf2
2021,sf2,12.0,Austria,66.0,2021sf2
2021,sf2,13.0,Estonia,58.0,2021sf2
2021,sf2,14.0,Poland,35.0,2021sf2
2021,sf2,15.0,Czechia,23.0,2021sf2
2021,sf2,16.0,Georgia,16.0,2021sf2
2021,sf2,17.0,Latvia,14.0,2021sf2
2021,f,1.0,Italy,524.0,2021f
2021,f,2.0,France,499.0,2021f
2021,f,3.0,Switzerland,432.0,2021f
2021,f,4.0,Iceland,378.0,2021f
2021,f,5.0,Ukraine,364.0,2021f
2021,f,6.0,Finland,301.0,2021f
2021,f,7.0,Malta,255.0,2021f
2021,f,8.0,Lithuania,220.0,2021f
2021,f,9.0,Russia,204.0,2021f
2021,f,10.0,Greece,170.0,2021f
2021,f,11.0,Bulgaria,170.0,2021f
2021,f,12.0,Portugal,153.0,2021f
2021,f,13.0,Moldova,115.0,2021f
2021,f,14.0,Sweden,109.0,2021f
2021,f,15.0,Serbia,102.0,2021f
2021,f,16.0,Cyprus,94.0,2021f
2021,f,17.0,Israel,93.0,2021f
2021,f,18.0,Norway,75.0,2021f
2021,f,19.0,Belgium,74.0,2021f
2021,f,20.0,Azerbaijan,65.0,2021f
2021,f,21.0,Albania,57.0,2021f
2021,f,22.0,San Marino,50.0,2021f
2021,f,23.0,The Netherlands,11.0,2021f
2021,f,24.0,Spain,6.0,2021f
2021,f,25.0,Germany,3.0,2021f
2021,f,26.0,United Kingdom,0.0,2021f
2022,sf1,1.0,Ukraine,337.0,2022sf1
2022,sf1,2.0,The Netherlands,221.0,2022sf1
2022,sf1,3.0,Greece,211.0,2022sf1
2022,sf1,4.0,Portugal,208.0,2022sf1
2022,sf1,5.0,Armenia,187.0,2022sf1
2022,sf1,6.0,Norway,177.0,2022sf1
2022,sf1,7.0,Lithuania,159.0,2022sf1
2022,sf1,8.0,Moldova,154.0,2022sf1
2022,sf1,9.0,Switzerland,118.0,2022sf1
2022,sf1,10.0,Iceland,103.0,2022sf1
2022,sf1,11.0,Croatia,75.0,2022sf1
2022,sf1,12.0,Albania,58.0,2022sf1
2022,sf1,13.0,Denmark,55.0,2022sf1
2022,sf1,14.0,Latvia,55.0,2022sf1
2022,sf1,15.0,Austria,42.0,2022sf1
2022,sf1,16.0,Bulgaria,29.0,2022sf1
2022,sf1,17.0,Slovenia,15.0,2022sf1
2022,sf2,1.0,Sweden,396.0,2022sf2
2022,sf2,2.0,Australia,243.0,2022sf2
2022,sf2,3.0,Serbia,237.0,2022sf2
2022,sf2,4.0,Czechia,227.0,2022sf2
2022,sf2,5.0,Estonia,209.0,2022sf2
2022,sf2,6.0,Poland,198.0,2022sf2
2022,sf2,7.0,Finland,162.0,2022sf2
2022,sf2,8.0,Belgium,151.0,2022sf2
2022,sf2,9.0,San Marino,118.0,2022sf2
2022,sf2,10.0,Azerbaijan,96.0,2022sf2
2022,sf2,11.0,North Macedonia,76.0,2022sf2
2022,sf2,12.0,Cyprus,63.0,2022sf2
2022,sf2,13.0,Israel,61.0,2022sf2
2022,sf2,14.0,San Marino,50.0,2022sf2
2022,sf2,15.0,Ireland,47.0,2022sf2
2022,sf2,16.0,Malta,47.0,2022sf2
2022,sf2,17.0,Montenegro,33.0,2022sf2
2022,sf2,18.0,Georgia,22.0,2022sf2
2022,f,1.0,Ukraine,631.0,2022f
2022,f,2.0,United Kingdom,466.0,2022f
2022,f,3.0,Spain,459.0,2022f
2022,f,4.0,Sweden,438.0,2022f
2022,f,5.0,Serbia,312.0,2022f
2022,f,6.0,Italy,268.0,2022f
2022,f,7.0,Moldova,253.0,2022f
2022,f,8.0,Greece,215.0,2022f
2022,f,9.0,Portugal,207.0,2022f
2022,f,10.0,Norway,182.0,2022f
2022,f,11.0,The Netherlands,171.0,2022f
2022,f,12.0,Poland,151.0,2022f
2022,f,13.0,Estonia,141.0,2022f
2022,f,14.0,Lithuania,128.0,2022f
2022,f,15.0,Australia,125.0,2022f
2022,f,16.0,Azerbaijan,106.0,2022f
2022,f,17.0,Switzerland,78.0,2022f
2022,f,18.0,Romania,65.0,2022f
2022,f,19.0,Belgium,64.0,2022f
2022,f,20.0,Armenia,61.0,2022f
2022,f,21.0,Albania,57.0,2022f
2022,f,22.0,Czechia,38.0,2022f
2022,f,23.0,Iceland,20.0,2022f
2022,f,24.0,France,17.0,2022f
2022,f,25.0,Germany,6.0,2022f
2022,f,26.0,Finland,38.0,2022f
2023,sf1,1.0,Finland,177.0,2023sf1
2023,sf1,2.0,Sweden,135.0,2023sf1
2023,sf1,3.0,Israel,127.0,2023sf1
2023,sf1,4.0,Czechia,110.0,2023sf1
2023,sf1,5.0,Moldova,109.0,2023sf1
2023,sf1,6.0,Norway,102.0,2023sf1
2023,sf1,7.0,Switzerland,97.0,2023sf1
2023,sf1,8.0,Croatia,76.0,2023sf1
2023,sf1,9.0,Portugal,74.0,2023sf1
2023,sf1,10.0,Serbia,37.0,2023sf1
2023,sf1,11.0,Latvia,34.0,2023sf1
2023,sf1,12.0,Albania,10.0,2023sf1
2023,sf1,13.0,The Netherlands,7.0,2023sf1
2023,sf1,14.0,Azerbaijan,4.0,2023sf1
2023,sf1,15.0,Malta,3.0,2023sf1
2023,sf2,1.0,Australia,149.0,2023sf2
2023,sf2,2.0,Austria,137.0,2023sf2
2023,sf2,3.0,Poland,124.0,2023sf2
2023,sf2,4.0,Lithuania,110.0,2023sf2
2023,sf2,5.0,Slovenia,103.0,2023sf2
2023,sf2,6.0,Armenia,99.0,2023sf2
2023,sf2,7.0,Cyprus,94.0,2023sf2
2023,sf2,8.0,Belgium,90.0,2023sf2
2023,sf2,9.0,Estonia,74.0,2023sf2
2023,sf2,10.0,Albania,83.0,2023sf2
2023,sf2,11.0,Iceland,44.0,2023sf2
2023,sf2,12.0,Georgia,33.0,2023sf2
2023,sf2,13.0,Greece,14.0,2023sf2
2023,sf2,14.0,Denmark,6.0,2023sf2
2023,sf2,15.0,San Marino,0.0,2023sf2
2023,sf2,16.0,Romania,0.0,2023sf2
2023,f,1.0,Sweden,583.0,2023f
2023,f,2.0,Finland,526.0,2023f
2023,f,3.0,Israel,362.0,2023f
2023,f,4.0,Italy,350.0,2023f
2023,f,5.0,Norway,268.0,2023f
2023,f,6.0,Ukraine,243.0,2023f
2023,f,7.0,Belgium,182.0,2023f
2023,f,8.0,Estonia,168.0,2023f
2023,f,9.0,Australia,151.0,2023f
2023,f,10.0,Czechia,129.0,2023f
2023,f,11.0,Lithuania,127.0,2023f
2023,f,12.0,Cyprus,126.0,2023f
2023,f,13.0,Croatia,123.0,2023f
2023,f,14.0,Armenia,122.0,2023f
2023,f,15.0,Austria,120.0,2023f
2023,f,16.0,France,104.0,2023f
2023,f,17.0,Spain,100.0,2023f
2023,f,18.0,Moldova,96.0,2023f
2023,f,19.0,Poland,93.0,2023f
2023,f,20.0,Switzerland,92.0,2023f
2023,f,21.0,Slovenia,78.0,2023f
2023,f,22.0,Portugal,59.0,2023f
2023,f,23.0,Albania,76.0,2023f
2023,f,24.0,Serbia,30.0,2023f
2023,f,25.0,United Kingdom,24.0,2023f
2023,f,26.0,Germany,18.0,2023f
2024,sf1,1.0,Croatia,177.0,2024sf1
2024,sf1,2.0,Ukraine,173.0,2024sf1
2024,sf1,3.0,Ireland,124.0,2024sf1
2024,sf1,4.0,Lithuania,119.0,2024sf1
2024,sf1,5.0,Luxembourg,117.0,2024sf1
2024,sf1,6.0,Cyprus,67.0,2024sf1
2024,sf1,7.0,Finland,59.0,2024sf1
2024,sf1,8.0,Portugal,58.0,2024sf1
2024,sf1,9.0,Slovenia,51.0,2024sf1
2024,sf1,10.0,Serbia,47.0,2024sf1
2024,sf1,11.0,Australia,41.0,2024sf1
2024,sf1,12.0,Poland,35.0,2024sf1
2024,sf1,13.0,Moldova,20.0,2024sf1
2024,sf1,14.0,Azerbaijan,11.0,2024sf1
2024,sf1,15.0,Iceland,3.0,2024sf1
2024,sf2,1.0,Israel,194.0,2024sf2
2024,sf2,2.0,The Netherlands,182.0,2024sf2
2024,sf2,3.0,Armenia,137.0,2024sf2
2024,sf2,4.0,Switzerland,132.0,2024sf2
2024,sf2,5.0,Greece,86.0,2024sf2
2024,sf2,6.0,Estonia,79.0,2024sf2
2024,sf2,7.0,Latvia,72.0,2024sf2
2024,sf2,8.0,Georgia,54.0,2024sf2
2024,sf2,9.0,Austria,46.0,2024sf2
2024,sf2,10.0,Norway,43.0,2024sf2
2024,sf2,11.0,Czechia,38.0,2024sf2
2024,sf2,12.0,Denmark,36.0,2024sf2
2024,sf2,13.0,Belgium,18.0,2024sf2
2024,sf2,14.0,San Marino,16.0,2024sf2
2024,sf2,15.0,Albania,14.0,2024sf2
2024,sf2,16.0,Malta,13.0,2024sf2
2024,f,1.0,Switzerland,591.0,2024f
2024,f,2.0,Croatia,547.0,2024f
2024,f,3.0,Ukraine,453.0,2024f
2024,f,4.0,France,445.0,2024f
2024,f,5.0,Israel,375.0,2024f
2024,f,6.0,Ireland,278.0,2024f
2024,f,7.0,Italy,268.0,2024f
2024,f,8.0,Armenia,183.0,2024f
2024,f,9.0,Sweden,174.0,2024f
2024,f,10.0,Portugal,152.0,2024f
2024,f,11.0,Greece,126.0,2024f
2024,f,12.0,Germany,117.0,2024f
2024,f,13.0,Luxembourg,103.0,2024f
2024,f,14.0,Lithuania,90.0,2024f
2024,f,15.0,Cyprus,78.0,2024f
2024,f,16.0,Latvia,64.0,2024f
2024,f,17.0,Serbia,54.0,2024f
2024,f,18.0,United Kingdom,46.0,2024f
2024,f,19.0,Finland,38.0,2024f
2024,f,20.0,Estonia,37.0,2024f
2024,f,21.0,Georgia,34.0,2024f
2024,f,22.0,Spain,30.0,2024f
2024,f,23.0,Slovenia,27.0,2024f
2024,f,24.0,Austria,24.0,2024f
2024,f,25.0,Norway,16.0,2024f
2025,sf1,,Iceland,,2025sf1
2025,sf1,,Poland,,2025sf1
2025,sf1,,Slovenia,,2025sf1
2025,sf1,,Estonia,,2025sf1
2025,sf1,,Ukraine,,2025sf1
2025,sf1,,Sweden,,2025sf1
2025,sf1,,Portugal,,2025sf1
2025,sf1,,Norway,,2025sf1
2025,sf1,,Belgium,,2025sf1
2025,sf1,,Azerbaijan,,2025sf1
2025,sf1,,San Marino,,2025sf1
2025,sf1,,Albania,,2025sf1
2025,sf1,,The Netherlands,,2025sf1
2025,sf1,,Croatia,,2025sf1
2025,sf1,,Cyprus,,2025sf1
2025,sf2,,Australia,,2025sf2
2025,sf2,,Montenegro,,2025sf2
2025,sf2,,Ireland,,2025sf2
2025,sf2,,Latvia,,2025sf2
2025,sf2,,Armenia,,2025sf2
2025,sf2,,Austria,,2025sf2
2025,sf2,,Greece,,2025sf2
2025,sf2,,Lithuania,,2025sf2
2025,sf2,,Malta,,2025sf2
2025,sf2,,Georgia,,2025sf2
2025,sf2,,Denmark,,2025sf2
2025,sf2,,Czechia,,2025sf2
2025,sf2,,Luxembourg,,2025sf2
2025,sf2,,Israel,,2025sf2
2025,sf2,,Serbia,,2025sf2
2025,sf2,,Finland,,2025sf2
2025,f,,Switzerland,,2025f
2025,f,,Germany,,2025f
2025,f,,United Kingdom,,2025f
2025,f,,France,,2025f
2025,f,,Spain,,2025f
2025,f,,Italy,,2025f
2025,f,,,,2025f
2025,f,,,,2025f
2025,f,,,,2025f
2025,f,,,,2025f
2025,f,,,,2025f
2025,f,,,,2025f
2025,f,,,,2025f
2025,f,,,,2025f
2025,f,,,,2025f
2025,f,,,,2025f
2025,f,,,,2025f
2025,f,,,,2025f
2025,f,,,,2025f
2025,f,,,,2025f
2025,f,,,,2025f
2025,f,,,,2025f
2025,f,,,,2025f
2025,f,,,,2025f
2025,f,,,,2025f
2025,f,,,,2025f
2025,f,,,,2025f
2025,f,,,,2025f
